{
    "movies":[
    {
        "id":1,
        "title":"Avatar",
        "theatre":"INOX",
        "language":"English",
        "image":"https://images-na.ssl-images-amazon.com/images/M/MV5BNzM2MDk3MTcyMV5BMl5BanBnXkFtZTcwNjg0MTUzNA@@._V1_SX1777_CR0,0,1777,999_AL_.jpg"
    },
    {
        "id":2,
        "title":"The Avengers",
        "theatre":"PVR",
        "language":"Hindi",
        "image":"https://images-na.ssl-images-amazon.com/images/M/MV5BMTA0NjY0NzE4OTReQTJeQWpwZ15BbWU3MDczODg2Nzc@._V1_SX1777_CR0,0,1777,999_AL_.jpg"
    },
    {
        "id":3,
        "title":"Interstellar",
        "theatre":"CinePolis",
        "language":"Kannada",
        "image":"https://images-na.ssl-images-amazon.com/images/M/MV5BMjA3NTEwOTMxMV5BMl5BanBnXkFtZTgwMjMyODgxMzE@._V1_SX1500_CR0,0,1500,999_AL_.jpg"
    },
    {
        "id":4,
        "title":"Game of Thrones",
        "theatre":"PVR",
        "language":"Tamil",
        "image":"https://images-na.ssl-images-amazon.com/images/M/MV5BNDc1MGUyNzItNWRkOC00MjM1LWJjNjMtZTZlYWIxMGRmYzVlXkEyXkFqcGdeQXVyMzU3MDEyNjk@._V1_SX1777_CR0,0,1777,999_AL_.jpg"
    },
    {
        "id":5,
        "title":"Doctor Strange",
        "theatre":"INOX",
        "language":"Telugu",
        "image":"https://images-na.ssl-images-amazon.com/images/M/MV5BMjM3ODc1ODI5Ml5BMl5BanBnXkFtZTgwODMzMDY3OTE@._V1_.jpg"
    }

]
}